{"accuracy": [0.25425708293914795, 0.47929883003234863, 0.5965776443481445, 0.6611853241920471, 0.7159432172775269, 0.7598497271537781, 0.792570948600769, 0.8236227035522461, 0.8515024781227112, 0.872871458530426, 0.8914858102798462, 0.9023372530937195, 0.9233722686767578, 0.9332220554351807, 0.9415692687034607, 0.944240391254425, 0.9537562727928162, 0.9565108418464661, 0.9641068577766418, 0.9662771224975586, 0.9653589129447937, 0.9732053279876709, 0.9725375771522522, 0.978046715259552, 0.973038375377655, 0.9798831343650818, 0.9808847904205322, 0.9772955179214478, 0.9811352491378784, 0.9808847904205322], "loss": [2.009585380554199, 1.4662749767303467, 1.1610875129699707, 0.9846397042274475, 0.8366390466690063, 0.711391031742096, 0.6105141639709473, 0.5255804657936096, 0.4456521272659302, 0.3726240396499634, 0.32827043533325195, 0.2826715111732483, 0.22860975563526154, 0.1971387267112732, 0.18284329771995544, 0.16319958865642548, 0.14486393332481384, 0.1257789134979248, 0.10925596952438354, 0.10138244181871414, 0.1013028621673584, 0.07661204785108566, 0.0806819275021553, 0.06453477591276169, 0.08286246657371521, 0.06279958039522171, 0.059958335012197495, 0.07103829830884933, 0.05434859171509743, 0.05862865597009659], "val_accuracy": [0.42370617389678955, 0.5889816284179688, 0.6023372411727905, 0.7111853361129761, 0.7178630828857422, 0.7639399170875549, 0.8013355731964111, 0.8300501108169556, 0.8053422570228577, 0.8076794743537903, 0.8414023518562317, 0.8587645888328552, 0.8570951819419861, 0.8717862963676453, 0.8861435651779175, 0.8684474229812622, 0.8808013200759888, 0.8904841542243958, 0.9005008339881897, 0.8844740986824036, 0.8904841542243958, 0.9065108299255371, 0.9065108299255371, 0.9068447351455688, 0.8991652727127075, 0.8918197154998779, 0.9025041460990906, 0.8848080039024353, 0.9165275692939758, 0.9055091738700867], "val_loss": [1.6640043258666992, 1.1939446926116943, 1.1199772357940674, 0.8514170050621033, 0.827053964138031, 0.6989919543266296, 0.5992398858070374, 0.5213069319725037, 0.5852032899856567, 0.6141810417175293, 0.5023995041847229, 0.4651894271373749, 0.4616900682449341, 0.4452548325061798, 0.39016076922416687, 0.4382982850074768, 0.408611923456192, 0.40147724747657776, 0.36002370715141296, 0.43893343210220337, 0.3929477632045746, 0.3836717903614044, 0.3421802818775177, 0.3732668459415436, 0.4042348861694336, 0.46925991773605347, 0.41758283972740173, 0.44684600830078125, 0.33302009105682373, 0.3890610337257385]}